{"accuracy": 0.6285714285714286, "specificity": 0.3125, "sensitivity": 0.6853932584269663}